{
  "session_id": "20260717_165416_068b9d",
  "start_time": "2026-07-17T16:54:16.213348",
  "commit_hash": null,
  "version": "V9.1.1",
  "initial_balance": 18.860819883288215,
  "final_balance": 0.0,
  "reference_capital": 18.860819883288215,
  "peak_balance": 18.860819883288215,
  "total_signals": 0,
  "total_orders": 0,
  "total_positions": 19,
  "total_closed_trades": 1
}