{
  "session_id": "20260717_111329_da6bf4",
  "start_time": "2026-07-17T11:13:29.024497",
  "commit_hash": null,
  "version": "V9.1.1",
  "initial_balance": 20.919616218288283,
  "final_balance": 0.0,
  "reference_capital": 20.919616218288283,
  "peak_balance": 20.919616218288283,
  "total_signals": 0,
  "total_orders": 0,
  "total_positions": 1,
  "total_closed_trades": 0
}