{
  "session_id": "20260717_160714_85149a",
  "start_time": "2026-07-17T16:07:14.853834",
  "commit_hash": null,
  "version": "V9.1.1",
  "initial_balance": 71.29058948328827,
  "final_balance": 0.0,
  "reference_capital": 71.29058948328827,
  "peak_balance": 71.29058948328827,
  "total_signals": 0,
  "total_orders": 0,
  "total_positions": 0,
  "total_closed_trades": 0
}