{
  "session_id": "20260717_012751_fa726f",
  "start_time": "2026-07-17T01:27:51.038496",
  "commit_hash": null,
  "version": "V9.1.1",
  "initial_balance": 26.02716820614252,
  "final_balance": 0.0,
  "reference_capital": 26.02716820614252,
  "peak_balance": 26.02716820614252,
  "total_signals": 0,
  "total_orders": 0,
  "total_positions": 1,
  "total_closed_trades": 0
}